feature,year_1990,year_1994,year_1998,year_2002,year_2005,year_2009,year_2013,year_2017,year_2021
Gültige Zweitstimmen,100,100,100,100,100,100,100.0,100.0,100.0
CDU,47.8,38.7,29.5,32.4,27.9,27,32.0,25.1548494622764,19.6
DIE LINKE²,1.3,2.6,2.7,2.7,7.2,10.8,10.8,13.5220916723558,8.1
SPD,30.2,34.6,39.6,35.1,33.9,21.6,27.0,19.9014380754167,23.5
GRÜNE³,6.4,12.3,13.5,17.3,15.7,19.6,14.0,14.1086908253018,23.7
AfD⁴,x,x,x,x,x,x,4.8,10.0559328326926,7.2
FDP,9.9,7.2,6.7,8,10.2,14.2,4.5,10.7912316923851,9.2
Sonstige,4.4,4.6,7.9,4.6,5.1,6.8,11.7,6.46576543957163,8.7
