age,total_percentage,party_spd_percentage,party_cdu_percentage,party_grüne_percentage,party_die_linke_percentage,party_afd_percentage,party_fdp_percentage,others_percentage
18 bis unter 25,6.197781655352583,4.4975220121642145,3.358238796316603,7.676600210242082,8.977875296920848,4.432763266993427,10.559103315346738,12.036963628629074
25 bis unter 35,13.285008211255944,8.996314564361104,7.303321514696706,20.99159106424385,17.10720489752557,8.40456338698845,20.30598219324744,23.053581963936477
35 bis unter 45,17.041958586030038,13.319004822061158,12.172026000906069,24.57832886336058,16.310800304892034,18.361232931712564,19.118212151346658,23.393061557145913
45 bis unter 60,26.462339189576788,23.619362607067565,27.1875136463812,28.510869307251674,22.11894103252757,31.62635847979137,24.690170175357057,25.587767263077072
60 bis unter 70,16.888648052624315,18.197096863186555,21.15422597591121,10.748886411317649,15.916757269683254,21.64000263046135,12.122418961702257,10.491186001410545
70 und älter,20.124264305160327,31.370699131159412,28.824674065788205,7.493724143584163,19.568421198450725,15.53507930405285,13.204113202999848,5.437439585800921
