age,2023_total,2023_male_diverse,2023_female,2016_total,2016_male_diverse,2016_female,comparison_total,comparison_male_diverse,comparison_female
18 bis unter 25,13.974889047853843,15.70702597372291,12.250131680123996,13.1,12.9,13.2,0.8748890478538431,2.8070259737229097,-0.9498683198760034
25 bis unter 35,15.179710938119799,15.935924093199091,14.50296837636439,11.9,11.5,12.4,3.2797109381197984,4.435924093199091,2.102968376364389
35 bis unter 45,19.608426216022036,20.704370248000636,18.55579930329465,15.1,13.5,16.6,4.508426216022036,7.204370248000636,1.955799303294647
45 bis unter 60,29.14373406832787,29.782415619795817,28.513922405031597,17.4,16.6,18.1,11.743734068327871,13.182415619795815,10.413922405031595
60 bis unter 70,34.985891085269685,36.309553923126494,33.7541728117403,16.9,15.9,17.9,18.085891085269687,20.409553923126495,15.854172811740298
70 und älter,40.272800933376196,41.52054564827437,39.31760318862835,25.2,23,26.9,15.072800933376197,18.52054564827437,12.417603188628348
