age,total_percentage,party_spd_percentage,party_cdu_percentage,party_grüne_percentage,party_die_linke_percentage,party_afd_percentage,party_fdp_percentage,others_percentage
18 bis unter 25,100.0,13.341098880024882,12.506871545882788,28.76280038835763,19.574444329152918,2.4252630690738926,5.746235078288585,17.64328670921929
25 bis unter 35,100.0,11.504891801561936,16.401787075077515,32.71046039155869,17.791620777404646,3.937026883127589,4.197642317987502,13.456570753282115
35 bis unter 45,100.0,15.74953672520075,20.54880714633437,30.695842676559877,10.854456649313008,4.2455425674136125,5.051401435090564,12.854412800087816
45 bis unter 60,100.0,20.581976139792914,30.60038364955791,20.647491092757495,6.668930651549853,8.119759556571243,4.783232306877439,8.598226602893142
60 bis unter 70,100.0,24.150916871907867,35.2046043759464,16.571554591605384,6.624086756871441,7.589784714454203,3.4841408528229874,6.374911836391734
70 und älter,100.0,30.98141277835809,44.92072347398665,8.394171543508737,4.61734041896767,3.735384937730505,4.054411986387521,3.2965548610608226
