age,2023_total,2023_male_diverse,2023_female,2016_total,2016_male_diverse,2016_female,comparison_total,comparison_male_diverse,comparison_female
18 bis unter 25,24.296766721890087,21.927651795743294,26.655788322806693,19.6,16.2,22.7,4.696766721890086,5.727651795743295,3.9557883228066935
25 bis unter 35,30.134276172961663,27.973255037634505,32.068195160360794,21.4,18.3,24.2,8.734276172961664,9.673255037634505,7.868195160360795
35 bis unter 45,27.528208119428918,25.532440002774287,29.445093626219975,21.1,19.1,23.1,6.428208119428916,6.432440002774285,6.345093626219974
45 bis unter 60,19.435890919526884,19.07399665900036,19.79275926124701,17.1,15.5,18.7,2.335890919526882,3.573996659000361,1.0927592612470107
60 bis unter 70,11.920869934030254,11.26751287161821,12.528843361927802,11.7,11.3,12,0.22086993403025446,-0.03248712838179024,0.5288433619278017
70 und älter,6.528657414899749,6.592303055472623,6.479934169180997,5.8,5.4,6.1,0.7286574148997493,1.1923030554726228,0.37993416918099765
