age,2023_total,2023_male_diverse,2023_female,2016_total,2016_male_diverse,2016_female,comparison_total,comparison_male_diverse,comparison_female
18 bis unter 25,8.151647309593393,10.763673618881437,5.746235078288585,7.5,8.9,6.2,0.6516473095933932,1.8636736188814371,-0.45376492171141525
25 bis unter 35,6.2786158245145165,8.465043011069037,4.197642317987502,4.5,5.5,3.6,1.7786158245145165,2.965043011069037,0.5976423179875021
35 bis unter 45,6.006256134047823,7.005992869883505,5.051401435090564,6.5,6.8,6.2,-0.4937438659521769,0.20599286988350496,-1.1485985649094363
45 bis unter 60,5.269089004715705,5.78424620545271,4.783232306877439,8.1,8.6,7.7,-2.8309109952842944,-2.8157537945472892,-2.9167676931225612
60 bis unter 70,4.215953386088323,4.98947276613641,3.4841408528229874,10.0,10.2,9.8,-5.784046613911677,-5.210527233863589,-6.315859147177013
70 und älter,4.422152852669048,4.890612201614742,4.054411986387521,12.6,12.9,12.4,-8.17784714733095,-8.009387798385259,-8.34558801361248
