age,total_percentage,party_spd_percentage,party_cdu_percentage,party_grüne_percentage,party_die_linke_percentage,party_afd_percentage,party_fdp_percentage,others_percentage
18 bis unter 25,5.912892084388666,3.755215011430948,2.9269732934210837,7.811703917725905,9.24304746762143,3.758364319063608,10.135385763465896,11.262618630691856
25 bis unter 35,13.389880321305741,8.23273307447137,7.199637581977822,21.939907731980174,18.409324744167122,8.746663966617561,17.55622319778096,21.566574004042298
35 bis unter 45,16.55771199587654,12.407531247850711,11.500414697992406,24.784239921168965,16.114671479590932,16.8708537194347,18.984473134358364,23.091293513142915
45 bis unter 60,25.369462800988376,22.97664642028486,26.189481780366258,26.811003014494734,21.001837771390715,32.27458406353241,24.21412856883833,24.29264365296908
60 bis unter 70,16.678030773454616,18.303164895648187,20.668461447789813,10.810606454075751,15.528364035051371,21.56523908773429,12.474273532992791,11.647454744766375
70 und älter,22.09202202398607,34.32470935031392,31.515031198452597,7.842538960554471,19.70275450217845,16.784294843617438,16.635515802563663,8.13941545438748
