age,total_percentage,party_spd_percentage,party_cdu_percentage,party_grüne_percentage,party_die_linke_percentage,party_afd_percentage,party_fdp_percentage,others_percentage
18 bis unter 25,100,12.157334546519799,15.70702597372291,21.927651795743294,16.908089464550194,8.010707291005271,9.174003811241171,16.115187117217356
25 bis unter 35,100,11.344990793406101,15.935924093199091,27.973255037634505,15.030536081287872,7.085751652364516,8.230577772337227,14.398964569770687
35 bis unter 45,100,13.093435495094111,20.704370248000636,25.532440002774287,11.171538990762828,12.067433979158977,6.040820348397259,11.389960935811905
45 bis unter 60,100,14.953445910585282,29.782415619795817,19.07399665900036,9.756484064823628,13.386084259630511,5.024166236292795,8.023407249871617
60 bis unter 70,100,18.05130332196835,36.309553923126494,11.26751287161821,11.00061457011509,14.35142483554324,3.8651161851280538,5.154474292500566
70 und älter,100,26.115931896600564,41.52054564827437,6.592303055472623,11.34992562721397,8.646215563578735,3.5331117624157002,2.241966446444045
