age,2023_total,2023_male_diverse,2023_female,2016_total,2016_male_diverse,2016_female,comparison_total,comparison_male_diverse,comparison_female
18 bis unter 25,9.103667413173222,10.913345418019032,7.0366909579899835,17.2,17.8,16.7,-8.096332586826778,-6.886654581980968,-9.663309042010017
25 bis unter 35,10.359785155427474,9.629802745807734,10.953632077163526,17.4,15.8,18.8,-7.0402148445725246,-6.170197254192267,-7.846367922836475
35 bis unter 45,12.413318057989459,11.70243152392306,13.10005340597544,16.8,15.4,18.1,-4.386681942010542,-3.69756847607694,-4.999946594024561
45 bis unter 60,14.579574476097047,13.679754693521566,15.51569576354116,15.5,14.4,16.7,-0.9204255239029528,-0.720245306478434,-1.1843042364588392
60 bis unter 70,17.196243747641024,14.72621445767426,19.441639323279162,18.6,15.9,21.0,-1.4037562523589777,-1.1737855423257404,-1.558360676720838
70 und älter,28.102483606943323,26.062447355694456,29.59736753675738,28.1,25.1,30.5,0.0024836069433220587,0.9624473556944544,-0.9026324632426217
