age,2023_total,2023_male_diverse,2023_female,2016_total,2016_male_diverse,2016_female,comparison_total,comparison_male_diverse,comparison_female
18 bis unter 25,13.660218456380074,15.334601442274133,11.747773148687163,9.3,8.8,9.7,4.360218456380073,6.534601442274132,2.0477731486871633
25 bis unter 35,12.87458233538401,14.214481704457874,11.784562760562913,10.5,10.3,10.6,2.3745823353840105,3.9144817044578737,1.1845627605629137
35 bis unter 45,18.090951841201758,19.743054313704512,16.49497679878145,12.3,11.0,13.7,5.790951841201757,8.743054313704512,2.7949767987814518
45 bis unter 60,26.410147281844328,26.917968528918912,25.881838959657532,14.9,14.4,15.4,11.510147281844327,12.517968528918912,10.481838959657532
60 bis unter 70,31.994762445656676,32.264348175848255,31.74969385141524,13.6,13.4,13.7,18.394762445656674,18.864348175848257,18.049693851415242
70 und älter,31.075006481385614,32.70061024871163,29.883807576692988,13.6,12.0,14.9,17.475006481385613,20.700610248711627,14.983807576692987
