age,2023_total,2023_male_diverse,2023_female,2016_total,2016_male_diverse,2016_female,comparison_total,comparison_male_diverse,comparison_female
18 bis unter 25,21.61582010096121,19.097774696334643,24.491879018906076,17.9,19,16.9,3.71582010096121,0.09777469633464264,7.591879018906077
25 bis unter 35,18.009363312515344,16.62664067662992,19.13421998044939,17,18.3,15.8,1.0093633125153438,-1.6733593233700823,3.33421998044939
35 bis unter 45,13.270278834119987,12.189112077784452,14.314714750490278,16.7,16.3,17.1,-3.4297211658800126,-4.110887922215548,-2.785285249509723
45 bis unter 60,13.809202329489333,12.464661221840192,15.207986371679995,21,19.9,22,-7.190797670510667,-7.435338778159807,-6.792013628320005
60 bis unter 70,17.252254677008583,15.643648913807306,18.71456780758962,30.8,30.6,31,-13.547745322991418,-14.956351086192695,-12.28543219241038
70 und älter,21.429904704821947,22.727917869618807,20.478755420315814,32.2,33.6,31.1,-10.770095295178056,-10.872082130381195,-10.621244579684188
