age,total_percentage,party_spd_percentage,party_cdu_percentage,party_grüne_percentage,party_die_linke_percentage,party_afd_percentage,party_fdp_percentage,others_percentage
18 bis unter 25,100,13.15161955557604,14.154233090135865,26.366582355782423,17.63075361696926,4.418983535603021,8.151647309593393,16.126180536339994
25 bis unter 35,100,11.926278073160425,16.67579363596225,30.98977614964831,15.980502598986421,5.0103608711858065,6.2786158245145165,13.138672846542256
35 bis unter 45,100,15.116665807830328,21.08416281751899,29.209945805032692,10.52311496344286,6.766315251498563,6.006256134047823,11.29353922062874
45 bis unter 60,100,18.390655809797114,31.41907459619408,20.67628898274688,7.018138801051632,9.196990960414187,5.269089004715705,8.029761845080401
60 bis unter 70,100,22.309510915098237,37.1090792650074,14.831152138147866,7.182345294962116,8.6667421097563,4.215953386088323,5.685216890939762
70 und älter,100,28.854731352424885,45.57590983223818,8.595943775347598,4.80395402455005,4.920559948375714,4.422152852669048,2.8267482143945255
