age,2023_total,2023_male_diverse,2023_female,2016_total,2016_male_diverse,2016_female,comparison_total,comparison_male_diverse,comparison_female
18 bis unter 25,5.7773190262937915,8.010707291005271,3.55344583992324,6.4,8,5,-0.6226809737062089,0.010707291005271458,-1.4465541600767602
25 bis unter 35,5.937357141191067,7.085751652364516,4.909647641326776,10,12.5,7.6,-4.062642858808933,-5.414248347635484,-2.6903523586732234
35 bis unter 45,9.261133874539155,12.067433979158977,6.5657526058630875,12.9,16.4,9.6,-3.6388661254608454,-4.332566020841021,-3.034247394136912
45 bis unter 60,11.563167307440578,13.386084259630511,9.765566679911979,17.7,22.3,13,-6.136832692559421,-8.91391574036949,-3.234433320088021
60 bis unter 70,11.752680588214666,14.35142483554324,9.334450895488073,17.3,21.4,13.6,-5.547319411785335,-7.048575164456759,-4.265549104511926
70 und älter,6.905498878714098,8.646215563578735,5.572911666142053,13.2,18,9.5,-6.294501121285902,-9.353784436421265,-3.927088333857947
