age,2023_total,2023_male_diverse,2023_female,2016_total,2016_male_diverse,2016_female,comparison_total,comparison_male_diverse,comparison_female
18 bis unter 25,16.126180536339994,14.47876177544243,17.64328670921929,16.9,18.4,15.5,-0.7738194636600042,-3.921238224557568,2.1432867092192893
25 bis unter 35,13.138672846542256,12.804665410279972,13.456570753282115,15.1,16.0,14.3,-1.9613271534577432,-3.1953345897200283,-0.8434292467178857
35 bis unter 45,11.29353922062874,9.659298263250957,12.854412800087816,10.1,10.6,9.6,1.1935392206287396,-0.9407017367490429,3.2544128000878167
45 bis unter 60,8.029761845080401,7.42701474978372,8.598226602893142,7.2,6.2,8.1,0.8297618450804007,1.22701474978372,0.49822660289314236
60 bis unter 70,5.685216890939762,4.956215428983555,6.374911836391734,4.9,4.1,5.7,0.7852168909397612,0.8562154289835551,0.6749118363917335
70 und älter,2.8267482143945255,2.2282688611121966,3.2965548610608226,2.9,2.2,3.4,-0.0732517856054744,0.028268861112196397,-0.10344513893917728
