age,total_percentage,party_spd_percentage,party_cdu_percentage,party_grüne_percentage,party_die_linke_percentage,party_afd_percentage,party_fdp_percentage,others_percentage
18 bis unter 25,100,12.94586481047023,15.94309557220795,23.7645399854891,15.520108625948914,6.583955611559944,10.763673618881437,14.47876177544243
25 bis unter 35,100,12.369018164456165,16.963685525087044,29.181895946373885,14.077605704366443,6.138086238367462,8.465043011069037,12.804665410279972
35 bis unter 45,100,14.454047394967947,21.64468237280393,27.654205764426244,10.176198876796521,9.405574457870898,7.005992869883505,9.659298263250957
45 bis unter 60,100,16.06718378164261,32.28713824173883,20.706823583710644,7.3884066054727775,10.3391868321987,5.78424620545271,7.42701474978372
60 bis unter 70,100,20.363161092729445,39.122092391375254,12.991562126173422,7.77241963594621,9.8050765586557,4.98947276613641,4.956215428983555
70 und älter,100,26.145585082440107,46.4105415062432,8.852978271726338,5.041678183574033,6.430335893289362,4.890612201614742,2.2282688611121966
