age,2023_total,2023_male_diverse,2023_female,2016_total,2016_male_diverse,2016_female,comparison_total,comparison_male_diverse,comparison_female
18 bis unter 25,19.178217732636725,18.69681958947349,19.72806064658214,24.9,24.1,25.6,-5.721782267363274,-5.403180410526513,-5.871939353417861
25 bis unter 35,16.78353405808762,17.069325675304945,16.551040137815097,18.9,18.9,18.9,-2.1164659419123772,-1.8306743246950532,-2.348959862184902
35 bis unter 45,13.980417844011857,13.159281526432197,14.773657422726814,13.3,13.9,12.6,0.6804178440118562,-0.740718473567803,2.173657422726814
45 bis unter 60,9.425800286433416,8.705452737436364,10.175208876944996,9.3,8.1,10.5,0.12580028643341556,0.6054527374363641,-0.3247911230550038
60 bis unter 70,7.2114803165954156,5.439625199128778,8.822196293767066,6.7,5.4,7.8,0.5114803165954154,0.03962519912877749,1.0221962937670659
70 und älter,4.212592835968072,2.2666723605727856,5.638511245792316,4.4,3.4,5.1,-0.18740716403192792,-1.1333276394272143,0.538511245792316
