age,total_percentage,party_spd_percentage,party_cdu_percentage,party_grüne_percentage,party_die_linke_percentage,party_afd_percentage,party_fdp_percentage,others_percentage
18 bis unter 25,5.654100818012544,3.1871076642803065,2.5146729885447203,7.925964611370298,9.464659943409632,2.8015828304287353,9.613013110583873,10.662732023612019
25 bis unter 35,13.485145255278209,7.648343793316698,7.100513221731603,22.741923622351525,19.49754603912721,9.232007994577764,14.166231693128823,20.414585985603622
35 bis unter 45,16.117826506631957,11.7099562098528,10.858337965467836,24.9583842191488,15.95076063467243,14.756426872045752,18.819595364278037,22.857513210404097
45 bis unter 60,24.376703172622843,22.484758579427627,25.235339054199795,25.373382202079856,20.0682404834191,33.19423294626984,23.627249135178864,23.289308821225777
60 bis unter 70,16.48670782606627,18.384341590034385,20.2040587499207,10.862804687778148,15.203771955578075,21.459170752477267,12.908051187512513,12.543218435591415
70 und älter,23.8795164213882,36.58549216308818,34.08707802013536,8.137540657271375,19.81502094379356,18.556578604200634,20.86585950931789,10.23264152356306
