age,total_percentage,party_spd_percentage,party_cdu_percentage,party_grüne_percentage,party_die_linke_percentage,party_afd_percentage,party_fdp_percentage,others_percentage
18 bis unter 25,5.097879390601478,2.8337715454279864,2.869710934227062,6.414331118173937,6.61563696008748,3.408210689388069,10.47486033519553,9.434843531060245
25 bis unter 35,12.515630910015025,7.917031843412213,6.640134059488898,21.95897139555042,13.531984691088022,7.552285050348565,19.55307262569832,20.270901447921528
35 bis unter 45,19.387165029148584,14.694712240724503,14.453288646837036,30.45362611961861,15.445598687807543,18.783888458559257,24.162011173184357,26.156001868285852
45 bis unter 60,27.368778021576375,24.36459246275198,29.78634268956851,29.90465183472984,22.68999453253143,32.30054221533695,25.279329608938554,24.89490892106493
60 bis unter 70,16.443266431911116,17.265556529360207,21.679932970255557,7.83010690551864,17.031164570803725,21.68861347792409,10.754189944134078,11.44325081737505
70 und älter,19.187280216747425,32.924335378323114,24.570590699622954,3.438312626408549,24.68562055768179,16.266460108443066,9.77653631284916,7.800093414292383
