age,2023_total,2023_male_diverse,2023_female,2016_total,2016_male_diverse,2016_female,comparison_total,comparison_male_diverse,comparison_female
18 bis unter 25,20.665142824764015,19.029768172523408,22.533033627731907,17.7,14.7,20.5,2.9651428247640155,4.3297681725234085,2.033033627731907
25 bis unter 35,28.816142176262165,25.948849734500428,31.148709054338333,19.3,16.1,22.2,9.516142176262164,9.848849734500426,8.948709054338334
35 bis unter 45,25.798906399539018,23.363280229420617,28.151786226833277,20.6,18,23.1,5.198906399539016,5.363280229420617,5.051786226833276
45 bis unter 60,17.94568067887438,17.206665604688393,18.71450990010743,14,12.8,15.2,3.9456806788743783,4.406665604688392,3.5145099001074307
60 bis unter 70,7.820890227489201,8.787854715169942,6.941865111772142,5.5,5.1,5.9,2.320890227489201,3.6878547151699426,1.0418651117721414
70 und älter,2.9431238383813345,2.5147925736881858,3.256993517821957,3.8,3,4.3,-0.8568761616186653,-0.48520742631181424,-1.043006482178043
