age,2023_total,2023_male_diverse,2023_female,2016_total,2016_male_diverse,2016_female,comparison_total,comparison_male_diverse,comparison_female
18 bis unter 25,4.418983535603021,6.583955611559944,2.4252630690738926,5.3,6.7,4.0,-0.8810164643969784,-0.1160443884400566,-1.5747369309261074
25 bis unter 35,5.0103608711858065,6.138086238367462,3.937026883127589,8.1,10.4,6.0,-3.089639128814193,-4.261913761632538,-2.062973116872411
35 bis unter 45,6.766315251498563,9.405574457870898,4.2455425674136125,10.8,13.7,8.0,-4.033684748501438,-4.294425542129101,-3.7544574325863875
45 bis unter 60,9.196990960414187,10.3391868321987,8.119759556571243,15.4,19.8,10.9,-6.2030090395858135,-9.4608131678013,-2.7802404434287578
60 bis unter 70,8.6667421097563,9.8050765586557,7.589784714454203,14.5,18.1,11.4,-5.833257890243701,-8.294923441344302,-3.810215285545797
70 und älter,4.920559948375714,6.430335893289362,3.735384937730505,11.8,16.6,8.1,-6.879440051624287,-10.16966410671064,-4.364615062269495
