age,2023_total,2023_male_diverse,2023_female,2016_total,2016_male_diverse,2016_female,comparison_total,comparison_male_diverse,comparison_female
18 bis unter 25,17.234173398449265,16.115187117217356,18.34839237508991,19.5,20.2,18.8,-2.265826601550735,-4.084812882782643,-0.4516076249100891
25 bis unter 35,14.573219195965311,14.398964569770687,14.729161368270299,16.8,17.3,16.3,-2.2267808040346893,-2.9010354302293138,-1.5708386317297016
35 bis unter 45,12.618245417311474,11.389960935811905,13.79798203157782,11.5,12.1,11,1.1182454173114742,-0.7100390641880949,2.7979820315778205
45 bis unter 60,8.663922144226605,8.023407249871617,9.295541689291872,8.1,7,9.1,0.5639221442266056,1.0234072498716174,0.195541689291872
60 bis unter 70,6.318839049867623,5.154474292500566,7.4023244418310075,5.7,4.6,6.6,0.6188390498676224,0.5544742925005668,0.8023244418310078
70 und älter,3.3335638773424905,2.241966446444045,4.169224723440987,3.5,2.7,4.1,-0.1664361226575095,-0.4580335535559552,0.06922472344098729
