age,total_percentage,party_spd_percentage,party_cdu_percentage,party_grüne_percentage,party_die_linke_percentage,party_afd_percentage,party_fdp_percentage,others_percentage
18 bis unter 25,6.505678453288909,4.307841239109389,2.959455460195323,8.653846153846153,12.79342723004695,4.214046822742471,9.963436928702013,12.96505073280721
25 bis unter 35,14.025751563536385,8.422071636011616,7.517016868896126,21.928418803418797,24.999999999999993,10.3010033444816,16.54478976234004,22.773393461104853
35 bis unter 45,14.499754859315567,11.035818005808324,9.825392127848472,21.367521367521366,17.018779342723008,14.38127090301003,16.361974405850095,20.236753100338223
45 bis unter 60,23.915293045187227,22.144240077444337,24.14915655519385,24.946581196581203,18.720657276995308,32.240802675585286,23.6745886654479,23.731679819616684
60 bis unter 70,16.84878283981098,18.925459825750245,20.094702574726245,12.606837606837608,13.497652582159626,21.404682274247502,13.345521023765997,11.837655016910933
70 und älter,24.204739238860938,35.164569215876085,35.45427641313999,10.496794871794869,12.969483568075118,17.458193979933117,20.109689213893965,8.455467869222094
