age,total_percentage,party_spd_percentage,party_cdu_percentage,party_grüne_percentage,party_die_linke_percentage,party_afd_percentage,party_fdp_percentage,others_percentage
18 bis unter 25,100,9.103667413173222,13.660218456380074,20.665142824764015,21.61582010096121,8.160605512071491,7.6163279600132645,19.178217732636725
25 bis unter 35,100,10.359785155427474,12.87458233538401,28.816142176262165,18.009363312515344,7.3656509244826305,5.790942037840748,16.78353405808762
35 bis unter 45,100,12.413318057989459,18.090951841201758,25.798906399539018,13.270278834119987,11.826512632813612,4.619614390324307,13.980417844011857
45 bis unter 60,100,14.579574476097047,26.410147281844328,17.94568067887438,13.809202329489333,14.405883954687656,3.423710992573843,9.425800286433416
60 bis unter 70,100,17.196243747641024,31.994762445656676,7.820890227489201,17.252254677008583,16.100123293053507,2.424245292555584,7.2114803165954156
70 und älter,100,28.102483606943323,31.075006481385614,2.9431238383813345,21.429904704821947,10.348207793276348,1.8886807392233729,4.212592835968072
