age,2023_total,2023_male_diverse,2023_female,2016_total,2016_male_diverse,2016_female,comparison_total,comparison_male_diverse,comparison_female
18 bis unter 25,8.160605512071491,10.261557587363406,5.760941891544285,8.8,10.7,7.1,-0.6393944879285094,-0.43844241263659356,-1.3390581084557143
25 bis unter 35,7.3656509244826305,8.673037731977171,6.302080596050493,12.4,15.3,9.8,-5.03434907551737,-6.6269622680228295,-3.497919403949508
35 bis unter 45,11.826512632813612,14.78875161951954,8.964910782351408,15.5,19.6,11.5,-3.6734873671863877,-4.811248380480462,-2.5350892176485917
45 bis unter 60,14.405883954687656,16.870572480301014,11.841762293412252,20.9,25.8,16.1,-6.494116045312342,-8.929427519698987,-4.2582377065877495
60 bis unter 70,16.100123293053507,20.890327107072082,11.745558554047138,21.2,26.1,16.9,-5.0998767069464925,-5.2096728929279195,-5.154441445952861
70 und älter,10.348207793276348,12.642929694390835,8.66669704008826,15.2,19.9,11.5,-4.851792206723651,-7.257070305609163,-2.833302959911739
