age,total_percentage,party_spd_percentage,party_cdu_percentage,party_grüne_percentage,party_die_linke_percentage,party_afd_percentage,party_fdp_percentage,others_percentage
18 bis unter 25,100,10.913345418019032,15.334601442274133,19.029768172523408,19.097774696334643,10.261557587363406,6.66613309401188,18.69681958947349
25 bis unter 35,100,9.629802745807734,14.214481704457874,25.948849734500428,16.62664067662992,8.673037731977171,7.83786173132192,17.069325675304945
35 bis unter 45,100,11.70243152392306,19.743054313704512,23.363280229420617,12.189112077784452,14.78875161951954,5.05408870921563,13.159281526432197
45 bis unter 60,100,13.679754693521566,26.917968528918912,17.206665604688393,12.464661221840192,16.870572480301014,4.154924733293559,8.705452737436364
60 bis unter 70,100,14.72621445767426,32.264348175848255,8.787854715169942,15.643648913807306,20.890327107072082,2.2479814312993773,5.439625199128778
70 und älter,100,26.062447355694456,32.70061024871163,2.5147925736881858,22.727917869618807,12.642929694390835,1.0846298973233002,2.2666723605727856
