age,2023_total,2023_male_diverse,2023_female,2016_total,2016_male_diverse,2016_female,comparison_total,comparison_male_diverse,comparison_female
18 bis unter 25,19.077467708347775,16.908089464550194,21.237603580692543,14.7,15.5,14,4.377467708347776,1.4080894645501942,7.237603580692543
25 bis unter 35,16.77902264163211,15.030536081287872,18.343760395920608,15.9,17.2,14.7,0.8790226416321101,-2.169463918712127,3.6437603959206086
35 bis unter 45,11.877543470602879,11.171538990762828,12.555643167577387,13.6,14.1,13.2,-1.722456529397121,-2.9284610092371715,-0.6443568324226128
45 bis unter 60,10.103027261960445,9.756484064823628,10.444757732945678,14.3,13.9,14.7,-4.196972738039555,-4.143515935176373,-4.255242267054321
60 bis unter 70,11.36282791389088,11.00061457011509,11.699881113304713,19.2,19.7,18.7,-7.837172086109119,-8.69938542988491,-7.000118886695287
70 und älter,10.884211569291663,11.34992562721397,10.52768910719406,16.3,17.3,15.5,-5.4157884307083375,-5.95007437278603,-4.97231089280594
