age,total_percentage,party_spd_percentage,party_cdu_percentage,party_grüne_percentage,party_die_linke_percentage,party_afd_percentage,party_fdp_percentage,others_percentage
18 bis unter 25,100,11.208841916274878,12.250131680123996,26.655788322806693,21.237603580692543,3.55344583992324,6.74579628508873,18.34839237508991
25 bis unter 35,100,11.27818800698028,14.50296837636439,32.068195160360794,18.343760395920608,4.909647641326776,4.168079050776848,14.729161368270299
35 bis unter 45,100,14.446956058891796,18.55579930329465,29.445093626219975,12.555643167577387,6.5657526058630875,4.632773206575298,13.79798203157782
45 bis unter 60,100,18.341752012727017,28.513922405031597,19.79275926124701,10.444757732945678,9.765566679911979,3.8457002188448417,9.295541689291872
60 bis unter 70,100,22.173880201163684,33.7541728117403,12.528843361927802,11.699881113304713,9.334450895488073,3.1064471745444138,7.4023244418310075
70 und älter,100,30.465683886739946,39.31760318862835,6.479934169180997,10.52768910719406,5.572911666142053,3.466953258673597,4.169224723440987
