age,2023_total,2023_male_diverse,2023_female,2016_total,2016_male_diverse,2016_female,comparison_total,comparison_male_diverse,comparison_female
18 bis unter 25,7.6163279600132645,6.66613309401188,8.701620708558448,4.2,4.9,3.6,3.4163279600132643,1.76613309401188,5.101620708558448
25 bis unter 35,5.790942037840748,7.83786173132192,4.125755393620248,4.6,5.3,3.9,1.190942037840748,2.53786173132192,0.22575539362024832
35 bis unter 45,4.619614390324307,5.05408870921563,4.199900612841325,4.8,5.9,3.8,-0.1803856096756924,-0.84591129078437,0.39990061284132494
45 bis unter 60,3.423710992573843,4.154924733293559,2.662997834656637,4.4,4.6,4.2,-0.9762890074261574,-0.44507526670644104,-1.5370021653433632
60 bis unter 70,2.424245292555584,2.2479814312993773,2.58447905812964,3.6,3.5,3.7,-1.175754707444416,-1.2520185687006227,-1.11552094187036
70 und älter,1.8886807392233729,1.0846298973233002,2.4778676625312746,2.7,3.0,2.5,-0.8113192607766273,-1.9153701026766998,-0.02213233746872545
