age,2023_total,2023_male_diverse,2023_female,2016_total,2016_male_diverse,2016_female,comparison_total,comparison_male_diverse,comparison_female
18 bis unter 25,14.154233090135865,15.94309557220795,12.506871545882788,14.9,14.9,14.9,-0.7457669098641357,1.0430955722079496,-2.393128454117212
25 bis unter 35,16.67579363596225,16.963685525087044,16.401787075077515,13.1,12.4,13.7,3.575793635962251,4.563685525087044,2.7017870750775153
35 bis unter 45,21.08416281751899,21.64468237280393,20.54880714633437,17.4,15.7,19.0,3.6841628175189918,5.944682372803932,1.5488071463343687
45 bis unter 60,31.41907459619408,32.28713824173883,30.60038364955791,19.1,18.2,20.0,12.319074596194078,14.087138241738831,10.600383649557909
60 bis unter 70,37.1090792650074,39.122092391375254,35.2046043759464,19.3,17.7,20.7,17.8090792650074,21.422092391375255,14.504604375946403
70 und älter,45.57590983223818,46.4105415062432,44.92072347398665,33.4,30.9,35.3,12.175909832238183,15.5105415062432,9.62072347398665
