age,total_percentage,party_spd_percentage,party_cdu_percentage,party_grüne_percentage,party_die_linke_percentage,party_afd_percentage,party_fdp_percentage,others_percentage
18 bis unter 25,100,7.0366909579899835,11.747773148687163,22.533033627731907,24.491879018906076,5.760941891544285,8.701620708558448,19.72806064658214
25 bis unter 35,100,10.953632077163526,11.784562760562913,31.148709054338333,19.13421998044939,6.302080596050493,4.125755393620248,16.551040137815097
35 bis unter 45,100,13.10005340597544,16.49497679878145,28.151786226833277,14.314714750490278,8.964910782351408,4.199900612841325,14.773657422726814
45 bis unter 60,100,15.51569576354116,25.881838959657532,18.71450990010743,15.207986371679995,11.841762293412252,2.662997834656637,10.175208876944996
60 bis unter 70,100,19.441639323279162,31.74969385141524,6.941865111772142,18.71456780758962,11.745558554047138,2.58447905812964,8.822196293767066
70 und älter,100,29.59736753675738,29.883807576692988,3.256993517821957,20.478755420315814,8.66669704008826,2.4778676625312746,5.638511245792316
