age,2023_total,2023_male_diverse,2023_female,2016_total,2016_male_diverse,2016_female,comparison_total,comparison_male_diverse,comparison_female
18 bis unter 25,7.95730825664756,9.174003811241171,6.74579628508873,6.4,7.7,5.3,1.55730825664756,1.4740038112411709,1.44579628508873
25 bis unter 35,6.086676924847733,8.230577772337227,4.168079050776848,4.5,5.4,3.7,1.5866769248477333,2.830577772337227,0.46807905077684797
35 bis unter 45,5.322603030218135,6.040820348397259,4.632773206575298,5.8,6.4,5.1,-0.4773969697818652,-0.3591796516027417,-0.4672267934247021
45 bis unter 60,4.430813039274859,5.024166236292795,3.8457002188448417,6.6,6.9,6.3,-2.169186960725141,-1.8758337637072051,-2.454299781155158
60 bis unter 70,3.472132934579414,3.8651161851280538,3.1064471745444138,7.4,7.5,7.3,-3.9278670654205863,-3.6348838148719462,-4.193552825455586
70 und älter,3.495639642783925,3.5331117624157002,3.466953258673597,8.5,8.8,8.4,-5.0043603572160755,-5.2668882375843005,-4.933046741326404
