age,total_percentage,party_spd_percentage,party_cdu_percentage,party_grüne_percentage,party_die_linke_percentage,party_afd_percentage,party_fdp_percentage,others_percentage
18 bis unter 25,5.691490782857711,4.161073825503358,3.4643008027038427,6.903103229892335,6.993865030674847,3.879026955950032,9.308510638297873,11.18210862619808
25 bis unter 35,11.755830100488959,7.583892617449665,6.632868610054921,19.4426852438252,12.576687116564417,6.771860618014462,22.606382978723403,21.086261980830667
35 bis unter 45,19.946746167939356,15.637583892617453,15.63160118293198,29.702343255224832,15.644171779141102,19.59237343852728,24.734042553191482,27.5825346112886
45 bis unter 60,29.220445613643914,26.778523489932887,31.22095479509929,32.04559848005067,23.435582822085884,32.74161735700197,29.787234042553195,26.73056443024494
60 bis unter 70,16.395254797329123,16.174496644295296,20.997042670046465,9.183027232425585,16.50306748466258,22.748191978961213,9.042553191489363,9.371671991480303
70 und älter,16.990232537740944,29.664429530201335,22.0532319391635,2.7232425585813793,24.846625766871174,14.266929651545036,4.521276595744682,4.046858359957401
