age,total_percentage,party_spd_percentage,party_cdu_percentage,party_grüne_percentage,party_die_linke_percentage,party_afd_percentage,party_fdp_percentage,others_percentage
18 bis unter 25,4.555228434345109,1.8106570098292813,2.285002077274615,6.004250797024439,6.311637080867849,2.733270499528747,11.764705882352942,8.069883527454243
25 bis unter 35,13.210204230595286,8.173823072943613,6.647278770253424,24.070138150903293,14.299802761341224,8.671065032987746,16.17647058823529,19.633943427620633
35 bis unter 45,18.87562289227401,13.967925504397313,13.294557540506851,31.083953241232727,15.285996055226823,17.624882186616407,23.529411764705884,25.04159733777038
45 bis unter 60,25.676072654711284,22.503879979306777,28.375571250519325,28.108395324123272,22.090729783037467,31.668237511781342,20.294117647058826,23.460898502495837
60 bis unter 70,16.4871563567967,18.106570098292803,22.351474864977163,6.695005313496277,17.45562130177515,20.169651272384545,12.647058823529411,13.061564059900169
70 und älter,21.195715431277627,35.43714433523021,27.046115496468627,4.038257173219977,24.55621301775148,19.13289349670122,15.588235294117645,10.732113144758735
