age,total_percentage,party_spd_percentage,party_cdu_percentage,party_grüne_percentage,party_die_linke_percentage,party_afd_percentage,party_fdp_percentage,others_percentage
18 bis unter 25,100,11.682075840517683,13.974889047853843,24.296766721890087,19.077467708347775,5.7773190262937915,7.95730825664756,17.234173398449265
25 bis unter 35,100,11.309736985282322,15.179710938119799,30.134276172961663,16.77902264163211,5.937357141191067,6.086676924847733,14.573219195965311
35 bis unter 45,100,13.783839871877397,19.608426216022036,27.528208119428918,11.877543470602879,9.261133874539155,5.322603030218135,12.618245417311474
45 bis unter 60,100,16.65944525924276,29.14373406832787,19.435890919526884,10.103027261960445,11.563167307440578,4.430813039274859,8.663922144226605
60 bis unter 70,100,20.186758494147476,34.985891085269685,11.920869934030254,11.36282791389088,11.752680588214666,3.472132934579414,6.318839049867623
70 und älter,100,28.579627683591873,40.272800933376196,6.528657414899749,10.884211569291663,6.905498878714098,3.495639642783925,3.3335638773424905
