age,total_percentage,party_spd_percentage,party_cdu_percentage,party_grüne_percentage,party_die_linke_percentage,party_afd_percentage,party_fdp_percentage,others_percentage
18 bis unter 25,6.568136483803079,4.700615556799102,3.2967032967032974,8.139534883720929,11.528822055137848,5.160550458715599,11.147011308562194,12.840466926070045
25 bis unter 35,14.40361122713215,9.848908785674315,7.692307692307695,21.9186046511628,22.93233082706767,10.55045871559633,19.224555735056544,24.902723735408557
35 bis unter 45,14.917088940875509,11.919418019026299,10.164835164835164,21.51162790697674,17.16791979949875,16.743119266055043,16.47819063004847,19.45525291828794
45 bis unter 60,24.444767696533663,21.7123670956911,24.84737484737485,26.395348837209305,20.426065162907268,30.160550458715598,22.294022617124394,24.513618677042803
60 bis unter 70,17.249568196262373,19.418019026301067,21.245421245421245,11.686046511627904,15.162907268170422,20.18348623853211,13.570274636510497,11.543450064850846
70 und älter,22.416827455393243,32.400671516508105,32.753357753357754,10.34883720930232,12.781954887218044,17.201834862385326,17.2859450726979,6.744487678339816
