age,total_percentage,party_spd_percentage,party_cdu_percentage,party_grüne_percentage,party_die_linke_percentage,party_afd_percentage,party_fdp_percentage,others_percentage
18 bis unter 25,6.449202431919091,4.0085287846481865,2.6421596783457786,9.090909090909088,13.907284768211921,2.889245585874799,8.421052631578947,13.060817547357924
25 bis unter 35,13.684081961399553,7.334754797441365,7.352096496266514,21.936758893280622,26.821192052980127,9.951845906902086,13.05263157894737,21.136590229312063
35 bis unter 45,14.12239155928028,10.362473347547976,9.506031016657097,21.245059288537558,16.887417218543053,11.07544141252006,16.210526315789476,20.83748753738784
45 bis unter 60,23.43652960231123,22.473347547974413,23.492245835726592,23.715415019762858,17.21854304635762,35.15248796147673,25.47368421052631,23.13060817547358
60 bis unter 70,16.486383286553796,18.550106609808104,19.012062033314187,13.389328063241107,12.030905077262693,23.113964686998393,13.05263157894737,12.06380857427717
70 und älter,25.821411158536044,37.27078891257996,37.995404939689834,10.622529644268775,13.134657836644589,17.81701444622793,23.789473684210524,9.77068793619143
