age,2023_total,2023_male_diverse,2023_female,2016_total,2016_male_diverse,2016_female,comparison_total,comparison_male_diverse,comparison_female
18 bis unter 25,26.366582355782423,23.7645399854891,28.76280038835763,20.5,16.9,23.7,5.866582355782423,6.8645399854891025,5.06280038835763
25 bis unter 35,30.98977614964831,29.181895946373885,32.71046039155869,23.0,20.0,25.7,7.989776149648311,9.181895946373885,7.010460391558691
35 bis unter 45,29.209945805032692,27.654205764426244,30.695842676559877,21.5,20.0,23.0,7.709945805032692,7.654205764426244,7.695842676559877
45 bis unter 60,20.67628898274688,20.706823583710644,20.647491092757495,19.2,17.4,21.1,1.4762889827468797,3.3068235837106457,-0.4525089072425068
60 bis unter 70,14.831152138147866,12.991562126173422,16.571554591605384,15.9,15.7,16.1,-1.0688478618521344,-2.7084378738265773,0.4715545916053827
70 und älter,8.595943775347598,8.852978271726338,8.394171543508737,7.2,7.1,7.3,1.3959437753475976,1.752978271726338,1.094171543508737
