age,2023_total,2023_male_diverse,2023_female,2016_total,2016_male_diverse,2016_female,comparison_total,comparison_male_diverse,comparison_female
18 bis unter 25,17.63075361696926,15.520108625948914,19.574444329152918,13.2,13.9,12.6,4.430753616969259,1.6201086259489141,6.974444329152918
25 bis unter 35,15.980502598986421,14.077605704366443,17.791620777404646,15.0,16.3,13.8,0.9805025989864209,-2.222394295633558,3.991620777404645
35 bis unter 45,10.52311496344286,10.176198876796521,10.854456649313008,11.1,12.2,10.0,-0.5768850365571403,-2.0238011232034783,0.8544566493130077
45 bis unter 60,7.018138801051632,7.3884066054727775,6.668930651549853,9.6,9.7,9.6,-2.581861198948368,-2.311593394527222,-2.931069348450147
60 bis unter 70,7.182345294962116,7.77241963594621,6.624086756871441,11.1,12.1,10.3,-3.917654705037884,-4.32758036405379,-3.6759132431285595
70 und älter,4.80395402455005,5.041678183574033,4.61734041896767,5.1,5.6,4.7,-0.2960459754499496,-0.5583218164259662,-0.08265958103233029
