age,2023_total,2023_male_diverse,2023_female,2016_total,2016_male_diverse,2016_female,comparison_total,comparison_male_diverse,comparison_female
18 bis unter 25,11.682075840517683,12.157334546519799,11.208841916274878,20.3,19.4,21.1,-8.617924159482317,-7.2426654534802,-9.891158083725124
25 bis unter 35,11.309736985282322,11.344990793406101,11.27818800698028,19.6,17.9,21.1,-8.290263014717679,-6.555009206593898,-9.821811993019722
35 bis unter 45,13.783839871877397,13.093435495094111,14.446956058891796,19.9,18.4,21.5,-6.116160128122601,-5.306564504905888,-7.0530439411082035
45 bis unter 60,16.65944525924276,14.953445910585282,18.341752012727017,18.9,17.7,20.1,-2.24055474075724,-2.746554089414717,-1.7582479872729841
60 bis unter 70,20.186758494147476,18.05130332196835,22.173880201163684,21.9,19.6,23.9,-1.7132415058525226,-1.54869667803165,-1.726119798836315
70 und älter,28.579627683591873,26.115931896600564,30.465683886739946,27.5,24.9,29.5,1.0796276835918732,1.2159318966005657,0.9656838867399458
