age,2023_total,2023_male_diverse,2023_female,2016_total,2016_male_diverse,2016_female,comparison_total,comparison_male_diverse,comparison_female
18 bis unter 25,13.15161955557604,12.94586481047023,13.341098880024882,21.8,20.2,23.2,-8.64838044442396,-7.254135189529769,-9.858901119975117
25 bis unter 35,11.926278073160425,12.369018164456165,11.504891801561936,21.3,19.5,22.9,-9.373721926839576,-7.130981835543835,-11.395108198438063
35 bis unter 45,15.116665807830328,14.454047394967947,15.74953672520075,22.6,21.0,24.1,-7.483334192169673,-6.545952605032053,-8.350463274799251
45 bis unter 60,18.390655809797114,16.06718378164261,20.581976139792914,21.3,20.1,22.6,-2.909344190202887,-4.032816218357393,-2.0180238602070872
60 bis unter 70,22.309510915098237,20.363161092729445,24.150916871907867,24.1,22.1,25.9,-1.7904890849017647,-1.7368389072705561,-1.7490831280921313
70 und älter,28.854731352424885,26.145585082440107,30.98141277835809,27.0,24.7,28.8,1.854731352424885,1.4455850824401075,2.1814127783580908
